years,mean,0-5,5-10,10-15,15-20,20-25,25-30,30-35,35-40,40-45,45-50,50-55,55-60,60-65,65-70,70-75,75-80,80-85,85-90,90-95,95-100,100-105,105-110,110-115,115-120,120-125,125-130,130-135,135-140,140-145,145-150,150-155,155-160,160-165,165-170,170-175,175-180,180-185,185-190,190-195,195-200,200+
1984,90.73216247558594,1257984896.0,1265010048.0,1277123328.0,1292427648.0,1312926080.0,1340316160.0,1377851520.0,1430131200.0,1497866752.0,1583047168.0,1688305536.0,1813146112.0,1954209920.0,2107522816.0,2267664384.0,2428106496.0,2577382656.0,2718470656.0,2845402368.0,2945082880.0,3008873216.0,3032136448.0,3001855744.0,2909338880.0,2756236288.0,2570411264.0,2363419904.0,2145811584.0,1946253184.0,1784875264.0,1646359296.0,1533073280.0,1446343040.0,1384987776.0,1342100096.0,1314372736.0,1295786752.0,1282970752.0,1273070080.0,1257085568.0,1266683776.0
1985,91.35408020019531,1257954304.0,1264944256.0,1277240320.0,1292579584.0,1313223552.0,1340253952.0,1377260288.0,1428046848.0,1494118784.0,1576691200.0,1678541440.0,1800177536.0,1938834688.0,2090299904.0,2248403712.0,2409726976.0,2563027968.0,2710000128.0,2847587328.0,2959849984.0,3035367936.0,3070312704.0,3054938880.0,2972492032.0,2817520128.0,2624930304.0,2407165696.0,2180660224.0,1971592320.0,1803939200.0,1659938944.0,1542474624.0,1453874048.0,1389510528.0,1345348096.0,1316005888.0,1296722560.0,1283979648.0,1273512576.0,1257085568.0,1266737920.0
1986,90.85127258300781,1257925504.0,1265704960.0,1279415808.0,1295178624.0,1316072576.0,1344441216.0,1384156416.0,1437837952.0,1507868416.0,1595793152.0,1703232640.0,1829847040.0,1968832768.0,2119439872.0,2271085824.0,2423695104.0,2565858560.0,2703607296.0,2827693568.0,2926591488.0,2996442880.0,3026496256.0,3007672576.0,2926404352.0,2782291968.0,2600246016.0,2397516288.0,2188676352.0,1994882944.0,1829814656.0,1688864896.0,1571389440.0,1475870720.0,1406823424.0,1358246656.0,1326131584.0,1304068352.0,1288719616.0,1277776640.0,1257085568.0,1270704512.0
1987,90.3641128540039,1257906560.0,1266101504.0,1280896128.0,1296965888.0,1318728320.0,1348802560.0,1390270208.0,1446502528.0,1519774080.0,1610752640.0,1722172032.0,1851685120.0,1992361088.0,2144051328.0,2296129280.0,2445839104.0,2587329024.0,2720986624.0,2836457984.0,2926836992.0,2984389376.0,3004571648.0,2975905792.0,2889226496.0,2742789120.0,2563202816.0,2377129984.0,2183783936.0,2000476800.0,1843482240.0,1707436032.0,1591994752.0,1495618688.0,1419729280.0,1367037952.0,1332743552.0,1308954112.0,1291934336.0,1280220544.0,1257085568.0,1272648320.0
1988,89.93374633789062,1257890176.0,1266108288.0,1281909248.0,1298841728.0,1321493760.0,1352864000.0,1396225664.0,1454290176.0,1530038656.0,1624136832.0,1737985536.0,1869532800.0,2011794944.0,2163640832.0,2313717504.0,2462297600.0,2601595648.0,2729884160.0,2838534400.0,2921507584.0,2971336192.0,2979975168.0,2941557248.0,2845992960.0,2694704128.0,2525741824.0,2351220480.0,2174715392.0,2004636416.0,1856777344.0,1725299840.0,1611212416.0,1514012928.0,1434777472.0,1377377664.0,1340086784.0,1313615360.0,1295208832.0,1282020352.0,1257085568.0,1274672768.0
1989,89.94418334960938,1257847936.0,1265665152.0,1281510144.0,1298724608.0,1321923584.0,1353720320.0,1398109568.0,1457075200.0,1534258304.0,1629871232.0,1743783424.0,1874350208.0,2014894080.0,2164245760.0,2313201920.0,2459963904.0,2600229888.0,2726547200.0,2835003136.0,2909969408.0,2949182720.0,2949616896.0,2906279680.0,2801927680.0,2655723008.0,2496699136.0,2333126144.0,2173498624.0,2017380992.0,1876299520.0,1751119616.0,1636364288.0,1537086080.0,1454363648.0,1391035648.0,1348251264.0,1319397120.0,1298713472.0,1284148992.0,1257085568.0,1277159040.0
1990,89.96563720703125,1257816192.0,1265295232.0,1281929856.0,1299900160.0,1323749888.0,1356577024.0,1401371904.0,1460485120.0,1537983360.0,1632841088.0,1747211520.0,1876229120.0,2014431616.0,2162228480.0,2311639040.0,2459428352.0,2603055616.0,2728925696.0,2832801792.0,2900662272.0,2932910080.0,2923487488.0,2868189696.0,2761434112.0,2622637824.0,2471096064.0,2320715264.0,2175625216.0,2034211328.0,1901083520.0,1780852736.0,1666475648.0,1562606464.0,1475748224.0,1407328512.0,1358460672.0,1326334080.0,1302806912.0,1286868736.0,1257085568.0,1279307520.0
1991,90.07017517089844,1257772672.0,1264841088.0,1281617664.0,1300755072.0,1325501568.0,1359214080.0,1404894208.0,1464772608.0,1543364480.0,1639146880.0,1753551360.0,1881672960.0,2018509440.0,2165265408.0,2315088384.0,2463313408.0,2608282368.0,2732753920.0,2830396928.0,2894861568.0,2921140992.0,2903481344.0,2843842304.0,2735482624.0,2599538944.0,2455590912.0,2312716544.0,2182201088.0,2052205440.0,1926768256.0,1811018624.0,1699779072.0,1595258624.0,1502342144.0,1426931200.0,1372788352.0,1335218304.0,1309975680.0,1291065856.0,1257085568.0,1283002240.0
1992,90.50173950195312,1257725184.0,1264234240.0,1280090752.0,1300007424.0,1325412992.0,1359597312.0,1406027776.0,1466283648.0,1544101120.0,1639736960.0,1753223040.0,1882532608.0,2021354624.0,2169524480.0,2321845504.0,2469582848.0,2614363392.0,2741576960.0,2838420736.0,2899542272.0,2922905600.0,2899330560.0,2833418496.0,2723460864.0,2580820224.0,2435314176.0,2297825024.0,2180542464.0,2067654272.0,1958501888.0,1848364416.0,1743362560.0,1641203328.0,1544915456.0,1461401984.0,1396072320.0,1350716800.0,1319989504.0,1298022400.0,1257085568.0,1285103232.0
1993,90.78369140625,1257715200.0,1264186240.0,1279765504.0,1300578048.0,1327018368.0,1362274944.0,1409429504.0,1470547968.0,1548957568.0,1644143616.0,1757587712.0,1886783488.0,2025444096.0,2172156160.0,2323627264.0,2470885888.0,2613737728.0,2740693248.0,2836676864.0,2895412992.0,2917142016.0,2889698048.0,2817195520.0,2707279104.0,2561455872.0,2413950976.0,2280167168.0,2172300544.0,2075277440.0,1979802112.0,1886337280.0,1787482368.0,1690272768.0,1593462400.0,1503385216.0,1427127296.0,1371581184.0,1334167296.0,1307356416.0,1257085568.0,1294073856.0
1994,91.10671997070312,1257709184.0,1264057856.0,1279018112.0,1300365568.0,1327967360.0,1364472704.0,1412396672.0,1475083008.0,1554601600.0,1650914304.0,1765395712.0,1894603392.0,2032351488.0,2179500288.0,2329701632.0,2475840768.0,2616242432.0,2742091776.0,2834853632.0,2887693568.0,2900946944.0,2867140352.0,2788438528.0,2680598272.0,2534841856.0,2385273088.0,2252456192.0,2156059904.0,2074485120.0,1995668480.0,1918781056.0,1834807808.0,1744016384.0,1652355456.0,1558550272.0,1474407296.0,1403384704.0,1357417344.0,1323211392.0,1257085568.0,1309006720.0
1995,91.45824432373047,1257692928.0,1263836288.0,1278277120.0,1299467904.0,1328636416.0,1366420480.0,1415906944.0,1479822976.0,1560506368.0,1657457024.0,1772570880.0,1901481984.0,2040620672.0,2185476608.0,2334141440.0,2478454016.0,2614801152.0,2738241536.0,2828998912.0,2877230080.0,2881394176.0,2843815680.0,2766171648.0,2657198848.0,2512890624.0,2362377984.0,2228572672.0,2135812480.0,2068232704.0,2005275648.0,1942318976.0,1873508736.0,1794418944.0,1708479360.0,1617311872.0,1525309952.0,1443667328.0,1382009856.0,1342196352.0,1257085568.0,1327299584.0
1996,91.78369140625,1257683840.0,1263679104.0,1277851648.0,1299101952.0,1329417728.0,1368850432.0,1419548672.0,1484219648.0,1566042752.0,1664042752.0,1780396544.0,1908053760.0,2046256000.0,2189483776.0,2335136256.0,2476859648.0,2611463168.0,2729156608.0,2816859648.0,2863387392.0,2862861568.0,2825946624.0,2751237376.0,2638685952.0,2496267776.0,2343941632.0,2211697664.0,2119126784.0,2056994048.0,2005796096.0,1957133312.0,1903838080.0,1834762752.0,1758917376.0,1671931008.0,1576558848.0,1488615168.0,1412577280.0,1360773376.0,1257085568.0,1348002944.0
1997,92.14883422851562,1257670912.0,1263463040.0,1277371136.0,1298274944.0,1329431552.0,1370107904.0,1422526720.0,1488697216.0,1571672832.0,1671378944.0,1788577024.0,1916468608.0,2053045632.0,2193734400.0,2335780096.0,2475118592.0,2605106432.0,2717872384.0,2802820096.0,2848303104.0,2846320640.0,2810718208.0,2738634752.0,2622774272.0,2481681664.0,2331412480.0,2199550464.0,2107949056.0,2046904704.0,2003550080.0,1964447872.0,1924588672.0,1873924608.0,1804453504.0,1724749952.0,1631108224.0,1535915136.0,1450328192.0,1384030976.0,1257085568.0,1370919040.0
1998,92.51045989990234,1257660928.0,1263433216.0,1277056000.0,1297771392.0,1328769408.0,1371523072.0,1425444480.0,1492954368.0,1576725888.0,1677729024.0,1795309056.0,1923417856.0,2058255616.0,2197971712.0,2336574208.0,2471422464.0,2596545792.0,2704653568.0,2787478272.0,2831695104.0,2830210304.0,2797864448.0,2727925504.0,2610830592.0,2468543232.0,2319512576.0,2188748544.0,2096257152.0,2039032704.0,1997293440.0,1965462912.0,1937589632.0,1901932544.0,1844989824.0,1774638720.0,1685852800.0,1586077568.0,1492855168.0,1413188480.0,1257085568.0,1396173440.0
1999,92.9540786743164,1257645952.0,1263467520.0,1276812544.0,1297196800.0,1328502912.0,1372128256.0,1426999424.0,1496061184.0,1579957376.0,1681571584.0,1798638976.0,1926554752.0,2060590720.0,2198776832.0,2334468096.0,2465217536.0,2584733440.0,2688668160.0,2770623232.0,2816414464.0,2818442496.0,2788379136.0,2722543104.0,2608170496.0,2465690112.0,2317250048.0,2184711168.0,2090828800.0,2030445696.0,1992888320.0,1964158848.0,1943076096.0,1920505344.0,1878333824.0,1817470208.0,1736845312.0,1639716864.0,1537396992.0,1447785472.0,1257085568.0,1427166720.0
2000,93.5112533569336,1257633792.0,1263578880.0,1276455040.0,1296413312.0,1327608960.0,1370996480.0,1426487552.0,1496059776.0,1581170944.0,1683611392.0,1801325312.0,1927560320.0,2061406720.0,2196050432.0,2330022912.0,2455803904.0,2572292096.0,2674076672.0,2755354368.0,2803092480.0,2807295744.0,2777168128.0,2718334208.0,2609363712.0,2467240704.0,2320755712.0,2187734272.0,2093838848.0,2032680832.0,1991942912.0,1965511936.0,1947707008.0,1933042944.0,1904639360.0,1854203904.0,1783779200.0,1692065920.0,1586473728.0,1486147584.0,1257085568.0,1462178944.0
2001,94.09911346435547,1257613056.0,1263753728.0,1276203008.0,1295471360.0,1326149120.0,1369597952.0,1424798976.0,1494714496.0,1580332928.0,1682327040.0,1799404544.0,1925700224.0,2056762880.0,2188488704.0,2320352512.0,2445797632.0,2561201920.0,2660783360.0,2743442176.0,2796205568.0,2803720960.0,2774632960.0,2718348032.0,2615362304.0,2473381888.0,2325068800.0,2192489984.0,2095906560.0,2034146944.0,1992174592.0,1965125376.0,1950880768.0,1941497472.0,1919679360.0,1882147200.0,1819250944.0,1734029952.0,1630974464.0,1524294528.0,1257085568.0,1504307584.0
2002,94.70240020751953,1257607040.0,1264011520.0,1275833216.0,1294520192.0,1324598400.0,1367730560.0,1423312000.0,1492605056.0,1577966336.0,1680288896.0,1796325504.0,1922918528.0,2054034304.0,2185711616.0,2314487296.0,2439255808.0,2554572288.0,2651800064.0,2733751296.0,2791403008.0,2803960064.0,2776135680.0,2721732608.0,2621992960.0,2482039296.0,2333001216.0,2200947712.0,2102990976.0,2036459264.0,1991341312.0,1964685952.0,1952164992.0,1948142976.0,1934381824.0,1906499072.0,1856382208.0,1774258688.0,1675499136.0,1563288192.0,1257085568.0,1551638784.0
2003,95.24169158935547,1257620608.0,1264302208.0,1275759232.0,1294050816.0,1323916544.0,1366198400.0,1422133120.0,1491136000.0,1576699904.0,1679165440.0,1794342528.0,1920143616.0,2052393216.0,2183001600.0,2309800704.0,2431647488.0,2544331264.0,2639451392.0,2719877888.0,2778684672.0,2797269760.0,2773370624.0,2721229056.0,2624604160.0,2486284032.0,2336924416.0,2207293440.0,2110061568.0,2040497536.0,1992774144.0,1963886976.0,1951172096.0,1950473472.0,1945084672.0,1923575552.0,1888254720.0,1816517760.0,1719230208.0,1607000576.0,1257085568.0,1605932160.0
2004,95.94617462158203,1257633536.0,1264512384.0,1275423872.0,1293022080.0,1322313216.0,1363608320.0,1418662656.0,1488077568.0,1572986496.0,1674454912.0,1790306048.0,1915410816.0,2046385024.0,2177840896.0,2302222592.0,2420134144.0,2530438656.0,2625704192.0,2705761024.0,2765032704.0,2792589824.0,2774312448.0,2724447744.0,2631360512.0,2497742336.0,2348141056.0,2222246912.0,2124310784.0,2052392960.0,2001937792.0,1968370560.0,1953195776.0,1952648064.0,1952962688.0,1941815040.0,1915247104.0,1855337088.0,1762004480.0,1650073472.0,1257085568.0,1667902208.0
2005,96.72808837890625,1257634688.0,1264593920.0,1274909056.0,1291886336.0,1320678016.0,1360821888.0,1414672128.0,1482679552.0,1567425152.0,1668481664.0,1783741696.0,1909510400.0,2039395328.0,2168807680.0,2291737600.0,2407918848.0,2516741120.0,2612535040.0,2692338176.0,2753947648.0,2789166592.0,2780659456.0,2730446080.0,2639415552.0,2506860800.0,2363328768.0,2239192832.0,2140233472.0,2064866560.0,2011761664.0,1973703040.0,1956080256.0,1953979136.0,1958472576.0,1955804672.0,1939390848.0,1891545216.0,1806999296.0,1693421696.0,1257085568.0,1739269120.0
2006,97.64545440673828,1257626752.0,1264585856.0,1274231424.0,1290827392.0,1318758400.0,1357893504.0,1409062912.0,1475068928.0,1557928832.0,1657417216.0,1772006400.0,1896168320.0,2025699712.0,2153672960.0,2276727296.0,2392139776.0,2501990656.0,2599816448.0,2683915008.0,2749629696.0,2791469824.0,2793511936.0,2752610304.0,2660736000.0,2527703296.0,2386574080.0,2262914816.0,2160442112.0,2083684096.0,2025428352.0,1983586560.0,1961420160.0,1955973888.0,1961610880.0,1966276352.0,1957000576.0,1918613120.0,1843236224.0,1734003328.0,1257085568.0,1810870656.0
2007,98.49998474121094,1257618176.0,1264457344.0,1273727104.0,1290157696.0,1317186304.0,1355398656.0,1404975744.0,1468963328.0,1550722048.0,1649000576.0,1762365568.0,1886579072.0,2015548032.0,2144042752.0,2267152640.0,2380497664.0,2487797248.0,2587561728.0,2672742912.0,2742699520.0,2792922368.0,2803601920.0,2766020352.0,2680308736.0,2549032960.0,2411443712.0,2291136512.0,2186532608.0,2105918592.0,2041799296.0,1996783104.0,1969742208.0,1962483712.0,1966442880.0,1975739648.0,1972868736.0,1942346240.0,1877788672.0,1772365056.0,1257085568.0,1889280128.0
2008,99.23355102539062,1257614976.0,1264320768.0,1273463680.0,1289753216.0,1316578688.0,1353545728.0,1402554496.0,1465297152.0,1545625088.0,1642156416.0,1753839104.0,1878054400.0,2007079296.0,2134339328.0,2256645888.0,2368580864.0,2473968128.0,2574845440.0,2661581824.0,2734710016.0,2788407808.0,2807060480.0,2776128768.0,2692218880.0,2566213632.0,2430396160.0,2314311936.0,2209162240.0,2125907584.0,2058461312.0,2009288960.0,1979199616.0,1969454592.0,1973220224.0,1984710016.0,1986418176.0,1962893312.0,1905740288.0,1805312128.0,1257085568.0,1969806592.0
2009,100.060546875,1257606656.0,1264157440.0,1273110400.0,1289087872.0,1315559040.0,1351696768.0,1399320832.0,1460511104.0,1538689280.0,1633634816.0,1743683968.0,1866449920.0,1994917888.0,2121880064.0,2243043072.0,2354415360.0,2460604928.0,2561733376.0,2650241792.0,2725980416.0,2782254336.0,2809359104.0,2788210176.0,2707397120.0,2586291456.0,2454878976.0,2341574912.0,2239256064.0,2149551872.0,2079802112.0,2027230720.0,1993703424.0,1980789248.0,1983828352.0,1996333184.0,2000604160.0,1980119296.0,1927774976.0,1833677312.0,1257085568.0,2053221376.0
2010,100.71044158935547,1257603456.0,1263994240.0,1272803584.0,1288791424.0,1315032832.0,1350852352.0,1397451648.0,1457365632.0,1532973440.0,1625920000.0,1734279552.0,1855153152.0,1982461824.0,2106948864.0,2227885312.0,2340892416.0,2445799424.0,2546391552.0,2637764096.0,2715051520.0,2776474368.0,2812285440.0,2799564544.0,2724947456.0,2607852032.0,2484851968.0,2371946240.0,2275839488.0,2184476416.0,2108652928.0,2054302464.0,2016070272.0,1996644864.0,1995137920.0,2002381696.0,1999392128.0,1976993920.0,1929005056.0,1842227584.0,1257085568.0,2109932800.0
2011,101.67593383789062,1257602304.0,1263736704.0,1272043392.0,1287910912.0,1313400960.0,1348730752.0,1394361088.0,1452377728.0,1525960704.0,1615881088.0,1721673216.0,1840288256.0,1965985920.0,2089623040.0,2209230080.0,2321377280.0,2425700608.0,2526147840.0,2617963008.0,2696321792.0,2761796096.0,2805736704.0,2799062784.0,2736394240.0,2628757504.0,2512288000.0,2401787904.0,2306350080.0,2215040256.0,2134503040.0,2074607104.0,2031935104.0,2013252096.0,2009075328.0,2017358080.0,2018600576.0,1997807360.0,1953339392.0,1870468992.0,1257085568.0,2198335744.0
2012,102.57424926757812,1257589888.0,1263398400.0,1271656192.0,1287144576.0,1312245504.0,1346948096.0,1391633152.0,1448375936.0,1519714816.0,1606792832.0,1709802368.0,1825746944.0,1949925376.0,2071901568.0,2189201920.0,2298812672.0,2404260352.0,2504103168.0,2598236928.0,2680996352.0,2748253184.0,2795917312.0,2795255040.0,2745121792.0,2649249280.0,2542667264.0,2434981632.0,2338814720.0,2244994816.0,2161035008.0,2091539840.0,2045480064.0,2023536000.0,2021087488.0,2028939008.0,2031513984.0,2013012224.0,1971830784.0,1895061888.0,1257085568.0,2290317056.0
2013,103.65072631835938,1257569536.0,1262891776.0,1270753920.0,1285260160.0,1309323520.0,1343083520.0,1386968832.0,1442250240.0,1511889920.0,1595628032.0,1695617024.0,1807497472.0,1928416640.0,2048172032.0,2163034624.0,2270198272.0,2375274752.0,2476440832.0,2574564608.0,2664800768.0,2741643520.0,2797734656.0,2803983104.0,2764014592.0,2678058240.0,2581553152.0,2477241344.0,2377888512.0,2285530112.0,2196472320.0,2124514048.0,2072827776.0,2045952512.0,2042306048.0,2046820864.0,2046293504.0,2023489408.0,1976022272.0,1898876928.0,1257085568.0,2360027392.0
2014,104.44451904296875,1257578624.0,1262637696.0,1270710272.0,1285136128.0,1308736896.0,1342492544.0,1386123264.0,1441192448.0,1510236032.0,1591925760.0,1688296448.0,1796219008.0,1914022400.0,2032003840.0,2144540800.0,2249926144.0,2353511424.0,2455138816.0,2554525952.0,2645957376.0,2726811648.0,2782572800.0,2794110720.0,2755813376.0,2685747968.0,2600419328.0,2511228928.0,2412349440.0,2319499264.0,2228533504.0,2153169664.0,2096917632.0,2062409728.0,2053353472.0,2058868864.0,2062692864.0,2042804096.0,1998545664.0,1924155904.0,1257085568.0,2453101312.0
2015,104.89259338378906,1257600128.0,1262561408.0,1271066240.0,1285729152.0,1309327360.0,1343079936.0,1387152896.0,1442483456.0,1511907072.0,1592735104.0,1687937024.0,1792895360.0,1908036736.0,2024924032.0,2135257088.0,2239780864.0,2343190784.0,2443571200.0,2541166080.0,2631721984.0,2713160704.0,2764122112.0,2776035840.0,2744295680.0,2683922944.0,2613722624.0,2533389824.0,2442824960.0,2343808768.0,2247930880.0,2167674368.0,2107770112.0,2069216896.0,2056385536.0,2059852544.0,2067241856.0,2055803520.0,2015775104.0,1948453504.0,1257085568.0,2562388992.0
2016,105.24708557128906,1257647744.0,1262775808.0,1271486208.0,1286785664.0,1310222080.0,1344316160.0,1388747392.0,1445153920.0,1515132672.0,1596791680.0,1690896256.0,1793429760.0,1903936512.0,2016502784.0,2123821824.0,2226237184.0,2326663168.0,2426004992.0,2522471168.0,2611276544.0,2691461120.0,2740144384.0,2749480192.0,2718685696.0,2670977536.0,2611542784.0,2543763968.0,2459463424.0,2365597440.0,2269184000.0,2184792576.0,2123731840.0,2085286272.0,2065116928.0,2067229952.0,2075958656.0,2069856384.0,2034518016.0,1969510912.0,1257085568.0,2662223104.0
2017,105.57574462890625,1257716736.0,1263340416.0,1272282496.0,1287710720.0,1311625728.0,1346650752.0,1391452672.0,1448617856.0,1518184064.0,1599327744.0,1690849536.0,1790141824.0,1896701696.0,2005744896.0,2110461696.0,2211021312.0,2311584000.0,2411361792.0,2507292160.0,2595216128.0,2670187264.0,2714400000.0,2722219776.0,2695471872.0,2656135680.0,2607019264.0,2547405312.0,2470431488.0,2384736512.0,2291486208.0,2204574208.0,2141052928.0,2101098880.0,2079748224.0,2077776768.0,2087624448.0,2082710400.0,2055367040.0,1992326400.0,1257085568.0,2753017856.0
2018,105.89590454101562,1257806464.0,1263502208.0,1273071744.0,1289056128.0,1313971328.0,1349437184.0,1395364608.0,1452954752.0,1521441920.0,1600848768.0,1691084032.0,1788420352.0,1891232384.0,1998346880.0,2099973888.0,2196998400.0,2292997120.0,2389027328.0,2481813504.0,2567638528.0,2639316736.0,2679920128.0,2687243520.0,2666004736.0,2638226176.0,2598167040.0,2547140096.0,2480948736.0,2400930560.0,2315460096.0,2228085760.0,2161597184.0,2118024704.0,2095926400.0,2092378496.0,2100572672.0,2100426112.0,2075665408.0,2015985408.0,1257085568.0,2844077056.0
2019,105.98651123046875,1257876224.0,1263819776.0,1273715328.0,1290465280.0,1315901056.0,1352972032.0,1400693248.0,1459608448.0,1527606784.0,1606391680.0,1694298240.0,1789270016.0,1888155008.0,1989663872.0,2089195392.0,2182828288.0,2276132608.0,2370228224.0,2460898816.0,2547248640.0,2616459008.0,2653921536.0,2660167168.0,2640635904.0,2621054464.0,2587751680.0,2541231872.0,2474688768.0,2400186112.0,2319347968.0,2238810368.0,2174869760.0,2127665152.0,2105716480.0,2099347072.0,2109323648.0,2109356160.0,2084367104.0,2027948288.0,1257085568.0,2943542272.0
2020,106.09364318847656,1257949824.0,1264052096.0,1273630080.0,1291396864.0,1318643456.0,1358198272.0,1408120064.0,1468765312.0,1537427968.0,1615104128.0,1700089216.0,1788912384.0,1881935616.0,1980110080.0,2074968448.0,2166456576.0,2255305728.0,2343319552.0,2432356864.0,2515950080.0,2582977536.0,2620401920.0,2624810752.0,2611801600.0,2595052288.0,2568256512.0,2531926272.0,2472428544.0,2404240640.0,2331694848.0,2257495808.0,2192540416.0,2148246784.0,2120762880.0,2113035136.0,2118449664.0,2117568640.0,2095669376.0,2036926336.0,1257085568.0,3049297408.0
2021,106.1738510131836,1257985792.0,1263987584.0,1273414272.0,1291869440.0,1321328896.0,1363494144.0,1416202368.0,1479625472.0,1550101248.0,1625317760.0,1706170368.0,1787630976.0,1875149824.0,1968247296.0,2060275584.0,2148774656.0,2232730880.0,2316736768.0,2402455296.0,2485422592.0,2550152960.0,2586346240.0,2589975808.0,2583162880.0,2569594368.0,2547854848.0,2516525824.0,2465482240.0,2404592384.0,2339961600.0,2273285632.0,2211708160.0,2165642752.0,2137865344.0,2125734656.0,2126652032.0,2122556288.0,2100536704.0,2041204736.0,1257085568.0,3160457984.0
2022,105.94832611083984,1257967616.0,1263696512.0,1273224448.0,1293205248.0,1324801024.0,1369504512.0,1426315520.0,1493469440.0,1566252544.0,1639284480.0,1713467520.0,1789394944.0,1872012416.0,1960138880.0,2049630080.0,2132666112.0,2212777728.0,2293926912.0,2377078528.0,2457774592.0,2517692672.0,2550821888.0,2558491648.0,2556986368.0,2550520832.0,2530307840.0,2500042496.0,2453465344.0,2399852544.0,2339268096.0,2276869632.0,2216424192.0,2175357696.0,2145935232.0,2133830656.0,2128081408.0,2121042432.0,2095867008.0,2037224064.0,1257085568.0,3233800960.0
2023,105.51272583007812,1257962752.0,1263687040.0,1273666944.0,1294941056.0,1328241280.0,1375603328.0,1436604160.0,1506491648.0,1579465344.0,1648796160.0,1717917696.0,1789173120.0,1867809408.0,1952575360.0,2038359040.0,2118326528.0,2197859840.0,2279129344.0,2361575936.0,2440194560.0,2496837888.0,2528387328.0,2537518080.0,2539085824.0,2533832960.0,2515745024.0,2484152320.0,2436308992.0,2379084544.0,2318827008.0,2257181184.0,2202236160.0,2165506304.0,2139498112.0,2122291072.0,2116469504.0,2108540160.0,2084409088.0,2027809024.0,1257085568.0,3302019072.0
2024,104.8782958984375,1258037120.0,1264522112.0,1274914176.0,1296606080.0,1332214016.0,1382475392.0,1445955840.0,1516807424.0,1588449408.0,1652554880.0,1715476736.0,1782368640.0,1856820224.0,1937866496.0,2019452800.0,2097917568.0,2177690112.0,2256580352.0,2337256704.0,2415141888.0,2473745152.0,2509753088.0,2520729088.0,2527503616.0,2528295424.0,2512171264.0,2476590336.0,2426141440.0,2366460928.0,2302742016.0,2242135040.0,2190024448.0,2149620992.0,2118541824.0,2099596544.0,2086021760.0,2073898112.0,2045126528.0,1988001152.0,1257085568.0,3316792832.0
